1,Henry,50
2,Updated Jayesh,30
4,Charlie,62
5,Grace,40
6,Ivy,56
7,Jack,66
8,Henry,65
9,Grace,41
10,Bob,43
11,Eva,41
12,Grace,40
13,Grace,42
14,Alice,35
15,David,44
16,Bob,63
17,Jack,42
18,Bob,20
19,Frank,45
20,David,24
21,Frank,61
22,Henry,52
23,Henry,65
24,Grace,22
25,Bob,30
26,Bob,41
27,Frank,49
28,Grace,64
29,Jack,23
30,Jack,47
31,Bob,33
32,Ivy,57
33,David,27
34,Jack,25
35,David,33
36,Alice,29
37,David,50
38,Henry,59
39,Henry,49
40,David,35
41,David,39
42,Henry,50
43,Eva,46
44,Eva,67
45,Frank,21
46,David,30
47,Henry,34
48,Henry,49
49,Grace,69
50,Charlie,53
51,Grace,67
52,Charlie,33
53,Charlie,39
54,Alice,42
55,Eva,25
56,Ivy,58
57,Grace,38
58,Grace,45
59,Ivy,56
60,Bob,44
61,Eva,39
62,Ivy,63
63,Bob,38
64,Bob,61
65,David,41
66,David,27
67,Alice,20
68,Bob,59
69,Bob,59
70,Alice,46
71,Bob,43
72,Frank,40
73,Charlie,35
74,Grace,58
75,Jack,22
76,Grace,51
77,Henry,48
78,Alice,39
79,Bob,62
80,Charlie,68
81,Jack,68
82,Frank,34
83,Jack,59
84,Alice,43
85,Grace,61
86,Grace,60
87,Ivy,36
88,David,62
89,Jack,28
90,Frank,56
91,Grace,55
92,Frank,48
93,Henry,27
94,Grace,25
95,Jack,68
96,Jack,38
97,Ivy,63
98,Frank,25
99,Eva,53
100,Eva,63
101,Henry,23
102,Henry,29
103,Ivy,69
104,Charlie,42
105,Henry,29
106,Frank,20
107,Jack,35
108,David,22
109,Jack,44
110,Alice,39
111,Bob,33
112,Grace,39
113,Eva,29
114,Ivy,32
115,Jack,60
116,Eva,40
117,Frank,23
118,Grace,51
119,Eva,66
120,Eva,61
121,Eva,46
122,Grace,29
123,Eva,47
124,Eva,28
125,Charlie,46
126,Charlie,27
127,Eva,21
128,Charlie,49
129,Ivy,38
130,Frank,67
131,Grace,21
132,Frank,53
133,Henry,56
134,Charlie,65
135,Eva,31
136,David,27
137,Henry,38
138,Ivy,46
139,Alice,36
140,Jack,41
141,Eva,25
142,Charlie,46
143,Henry,29
144,Alice,66
145,Alice,40
146,David,50
147,Frank,44
148,Grace,69
149,Ivy,23
150,Jack,46
151,Eva,27
152,Frank,24
153,Henry,35
154,Eva,48
155,Alice,40
156,Frank,51
157,Ivy,50
158,Alice,68
159,Alice,27
160,Eva,26
161,Alice,66
162,Grace,41
163,Alice,30
164,Charlie,37
165,Eva,44
166,Charlie,32
167,Grace,62
168,Henry,51
169,Henry,63
170,Eva,37
171,David,37
172,Grace,54
173,Ivy,32
174,Frank,23
175,Jack,28
176,Grace,47
177,Henry,35
178,Ivy,45
179,Eva,26
180,Eva,23
181,Jack,44
182,Charlie,67
183,Bob,44
184,Eva,69
185,Alice,21
186,Ivy,58
187,Bob,68
188,David,30
189,David,39
190,Jack,41
191,Bob,58
192,Jack,67
193,Bob,57
194,Frank,28
195,Henry,54
196,Ivy,64
197,Bob,28
198,Alice,51
199,Grace,39
200,Jack,20
201,Henry,21
202,Henry,21
203,Eva,45
204,Ivy,54
205,Ivy,39
206,Grace,64
207,Charlie,29
208,Frank,65
209,Eva,55
210,Henry,31
211,Charlie,61
212,Ivy,54
213,Henry,48
214,Henry,60
215,Eva,34
216,Alice,41
217,Charlie,68
218,Grace,35
219,David,33
220,Bob,65
221,Alice,60
222,Alice,20
223,Ivy,31
224,Frank,67
225,Frank,22
226,Ivy,55
227,Charlie,50
228,Bob,42
229,Jack,66
230,Eva,32
231,Charlie,65
232,David,20
233,Jack,46
234,Frank,67
235,Henry,42
236,Jack,36
237,Charlie,68
238,Henry,48
239,Alice,23
240,Ivy,66
241,Henry,46
242,Ivy,41
243,Alice,24
244,Grace,60
245,Ivy,58
246,Eva,37
247,David,68
248,Charlie,24
249,Henry,52
250,Jack,64
251,Charlie,56
252,Eva,51
253,Frank,61
254,Henry,60
255,Alice,69
256,Eva,62
257,Jack,57
258,Frank,39
259,Bob,68
260,Frank,43
261,David,22
262,Henry,28
263,Frank,57
264,Eva,55
265,Grace,39
266,Henry,68
267,Ivy,34
268,David,23
269,Bob,68
270,Grace,57
271,Frank,50
272,Alice,31
273,Jack,45
274,Bob,43
275,Ivy,46
276,Grace,66
277,Ivy,20
278,David,42
279,Bob,60
280,Grace,32
281,Grace,50
282,Frank,45
283,Bob,63
284,Alice,53
285,Frank,43
286,David,69
287,Grace,51
288,Charlie,53
289,Henry,29
290,Alice,32
291,Jack,46
292,Eva,42
293,Alice,35
294,Bob,55
295,Ivy,31
296,Charlie,54
297,Ivy,37
298,David,59
299,Alice,37
300,Frank,25
301,Ivy,36
302,Bob,27
303,Eva,30
304,Frank,54
305,Bob,23
306,Charlie,55
307,Henry,28
308,Jack,43
309,Grace,36
310,Alice,25
311,Alice,29
312,David,62
313,Ivy,69
314,Bob,53
315,Grace,33
316,Henry,50
317,Henry,42
318,Bob,28
319,Charlie,24
320,Ivy,34
321,Bob,43
322,Bob,36
323,Eva,46
324,Charlie,21
325,Charlie,43
326,Bob,37
327,Henry,58
328,Charlie,53
329,Ivy,65
330,Bob,23
331,Henry,33
332,Jack,60
333,Ivy,20
334,Grace,44
335,Eva,66
336,Grace,25
337,Ivy,39
338,Henry,60
339,Henry,36
340,Henry,54
341,Frank,65
342,Jack,64
343,Frank,27
344,Henry,69
345,Eva,31
346,Henry,24
347,Alice,26
348,Bob,43
349,Henry,51
350,Jack,46
351,Grace,22
352,Grace,46
353,Charlie,46
354,David,45
355,Eva,27
356,Henry,53
357,Eva,51
358,David,44
359,Henry,68
360,Jack,51
361,Grace,33
362,Jack,38
363,Bob,23
364,Eva,46
365,Charlie,28
366,Charlie,68
367,Charlie,33
368,Grace,29
369,Charlie,22
370,Frank,37
371,Alice,58
372,David,20
373,Henry,42
374,Frank,48
375,Charlie,27
376,David,41
377,Bob,33
378,Frank,59
379,Eva,56
380,Frank,25
381,Ivy,60
382,Alice,65
383,Jack,37
384,Ivy,44
385,Eva,64
386,Grace,20
387,David,34
388,Alice,51
389,David,63
390,Eva,56
391,Ivy,36
392,Eva,55
393,Charlie,65
394,Frank,22
395,Frank,37
396,Jack,52
397,Alice,50
398,Alice,59
399,Ivy,44
400,Ivy,42
401,Ivy,41
402,Henry,63
403,Bob,24
404,Alice,60
405,Ivy,30
406,Jack,47
407,Ivy,28
408,Frank,49
409,Bob,47
410,Grace,21
411,Alice,41
412,Bob,27
413,Alice,58
414,Charlie,66
415,Ivy,38
416,Charlie,51
417,Bob,55
418,Charlie,27
419,Ivy,48
420,David,37
421,Ivy,21
422,Grace,67
423,Frank,23
424,David,67
425,Bob,55
426,Bob,45
427,Alice,43
428,Grace,29
429,Ivy,63
430,Charlie,57
431,Ivy,61
432,Charlie,62
433,Charlie,45
434,Henry,60
435,Alice,46
436,Charlie,25
437,David,21
438,Bob,66
439,Jack,60
440,Alice,45
441,Charlie,42
442,Jack,54
443,Eva,47
444,Alice,54
445,Alice,49
446,Frank,68
447,Henry,61
448,Grace,65
449,Frank,52
450,Alice,66
451,Jack,25
452,Eva,67
453,David,67
454,Jack,46
455,Henry,47
456,Jack,48
457,Bob,35
458,Eva,52
459,Henry,31
460,Ivy,20
461,Bob,44
462,Bob,23
463,Grace,41
464,Eva,32
465,Jack,54
466,Henry,41
467,Frank,32
468,Alice,35
469,Eva,62
470,Frank,44
471,Grace,33
472,Ivy,25
473,Ivy,33
474,Henry,61
475,Ivy,23
476,Charlie,35
477,Henry,21
478,Jack,68
479,Charlie,62
480,Grace,54
481,Grace,55
482,Grace,44
483,David,34
484,Charlie,21
485,Henry,30
486,Bob,62
487,Bob,61
488,Bob,26
489,Ivy,31
490,Eva,24
491,Frank,68
492,Ivy,42
493,Frank,54
494,Eva,37
495,Eva,66
496,Grace,53
497,Jack,34
498,David,36
499,David,60
500,Ivy,47
501,Grace,25
502,Alice,30
503,Henry,32
504,David,33
505,Bob,51
506,Grace,22
507,David,59
508,Frank,52
509,Bob,54
510,Jack,49
511,Jack,40
512,David,37
513,Ivy,21
514,Grace,27
515,Charlie,42
516,Charlie,63
517,Eva,26
518,Bob,25
519,Charlie,42
520,Ivy,62
521,Eva,33
522,Jack,41
523,David,47
524,Jack,22
525,Eva,35
526,David,23
527,Jack,64
528,Eva,69
529,Alice,43
530,David,28
531,Charlie,27
532,Alice,29
533,Alice,27
534,Eva,22
535,Grace,52
536,Frank,27
537,Alice,55
538,Bob,44
539,Henry,53
540,Charlie,22
541,Jack,26
542,Jack,20
543,Alice,38
544,Eva,32
545,Ivy,41
546,Alice,28
547,Frank,66
548,David,69
549,Frank,57
550,Ivy,37
551,Grace,21
552,Eva,21
553,David,42
554,Alice,46
555,David,53
556,Jack,40
557,Jack,66
558,Eva,69
559,Jack,61
560,Henry,45
561,Eva,27
562,Frank,23
563,Grace,67
564,Jack,69
565,Eva,36
566,Eva,67
567,Henry,42
568,Grace,28
569,Eva,51
570,David,37
571,Grace,54
572,Bob,45
573,Grace,20
574,Alice,69
575,Ivy,31
576,Bob,41
577,Bob,54
578,Henry,39
579,Bob,62
580,Frank,28
581,Grace,23
582,David,66
583,Alice,44
584,David,23
585,Grace,42
586,Alice,44
587,Alice,21
588,Ivy,69
589,David,59
590,Ivy,47
591,Alice,69
592,Charlie,66
593,Alice,61
594,Alice,63
595,Ivy,53
596,Eva,61
597,Henry,25
598,Charlie,22
599,Henry,40
600,Ivy,65
601,Charlie,64
602,Grace,69
603,Alice,53
604,Henry,31
605,Bob,68
606,Alice,20
607,Eva,24
608,Ivy,60
609,Jack,43
610,Alice,44
611,Jack,40
612,Grace,29
613,Bob,20
614,Henry,69
615,Alice,28
616,Henry,55
617,Grace,28
618,Ivy,55
619,Henry,63
620,Grace,62
621,David,59
622,Jack,25
623,Henry,42
624,Henry,45
625,Charlie,52
626,Henry,50
627,David,47
628,Jack,42
629,Grace,28
630,David,43
631,Henry,26
632,Charlie,24
633,Alice,51
634,Jack,33
635,Alice,54
636,Charlie,69
637,Alice,42
638,Jack,56
639,Grace,44
640,Henry,44
641,Eva,40
642,Eva,43
643,Ivy,50
644,Grace,61
645,Henry,51
646,Ivy,64
647,Jack,36
648,Bob,40
649,Bob,47
650,Ivy,37
651,Grace,44
652,Ivy,30
653,Grace,45
654,David,59
655,Jack,29
656,Alice,31
657,Jack,27
658,Ivy,44
659,Bob,63
660,David,44
661,Frank,60
662,Bob,22
663,Charlie,69
664,Grace,52
665,Frank,40
666,David,24
667,Eva,58
668,Frank,55
669,Ivy,42
670,Frank,47
671,Henry,44
672,Bob,67
673,Charlie,56
674,David,43
675,Frank,51
676,Frank,50
677,Frank,37
678,Eva,64
679,Henry,26
680,Jack,38
681,Henry,45
682,Alice,47
683,Frank,61
684,Charlie,52
685,Charlie,26
686,David,40
687,Eva,65
688,Henry,48
689,Frank,31
690,Eva,35
691,Bob,25
692,Henry,54
693,Grace,65
694,Eva,23
695,Grace,63
696,Henry,20
697,Charlie,31
698,Bob,30
699,Bob,25
700,Jack,49
701,Jack,44
702,Ivy,33
703,Charlie,55
704,Grace,26
705,Charlie,61
706,Frank,27
707,Eva,36
708,Henry,60
709,Grace,35
710,Alice,48
711,Henry,53
712,Bob,44
713,Jack,49
714,Henry,58
715,Charlie,62
716,Alice,66
717,Jack,28
718,Alice,62
719,Grace,24
720,Ivy,46
721,Alice,41
722,Alice,48
723,Eva,25
724,Jack,49
725,David,50
726,Henry,65
727,Bob,55
728,Grace,46
729,David,31
730,Jack,42
731,Ivy,66
732,David,52
733,Eva,60
734,Eva,20
735,David,29
736,Frank,32
737,Alice,69
738,Grace,37
739,Grace,63
740,Alice,31
741,David,65
742,Grace,41
743,Charlie,27
744,Jack,22
745,Charlie,60
746,Henry,27
747,Eva,51
748,Eva,27
749,Bob,46
750,Alice,47
751,Charlie,36
752,Eva,22
753,Alice,38
754,Grace,50
755,Alice,21
756,David,50
757,Jack,44
758,Henry,56
759,Eva,28
760,Alice,59
761,Charlie,56
762,Eva,36
763,Eva,62
764,Alice,53
765,Henry,40
766,Charlie,50
767,Frank,23
768,Bob,33
769,Bob,67
770,Eva,56
771,Frank,33
772,Jack,67
773,David,66
774,Grace,66
775,Alice,55
776,Charlie,38
777,Jack,41
778,Bob,54
779,Jack,43
780,Frank,45
781,David,47
782,Bob,53
783,Henry,46
784,David,60
785,Frank,40
786,Bob,41
787,Eva,50
788,Henry,65
789,David,27
790,Henry,56
791,Alice,31
792,Ivy,50
793,Eva,55
794,Eva,33
795,Eva,21
796,Grace,38
797,Alice,60
798,Henry,25
799,Bob,20
800,Frank,65
801,Ivy,59
802,Henry,67
803,Henry,35
804,Grace,41
805,Alice,30
806,David,43
807,Bob,53
808,Alice,24
809,Jack,38
810,Ivy,68
811,Frank,61
812,David,27
813,Henry,64
814,Grace,44
815,Henry,32
816,Grace,69
817,Alice,24
818,Frank,63
819,Charlie,40
820,Henry,58
821,Bob,43
822,Bob,68
823,Charlie,44
824,Henry,21
825,Charlie,27
826,David,60
827,David,22
828,Ivy,61
829,Bob,31
830,Bob,54
831,Henry,50
832,Frank,37
833,David,25
834,Charlie,63
835,Ivy,33
836,Frank,30
837,Henry,45
838,Jack,64
839,Henry,69
840,Frank,67
841,Charlie,25
842,Ivy,63
843,Alice,66
844,Bob,39
845,Grace,48
846,Frank,33
847,Ivy,34
848,Grace,22
849,Grace,22
850,Ivy,63
851,Grace,26
852,Eva,67
853,Grace,28
854,Grace,66
855,Frank,62
856,Henry,43
857,Bob,40
858,Ivy,45
859,Eva,33
860,Ivy,50
861,Frank,68
862,Jack,58
863,Henry,48
864,Alice,53
865,David,59
866,Eva,65
867,Alice,38
868,Frank,27
869,Bob,60
870,Alice,42
871,Frank,41
872,Ivy,49
873,Eva,66
874,Jack,63
875,David,29
876,Bob,67
877,Eva,23
878,Eva,45
879,David,64
880,Jack,50
881,Jack,32
882,Alice,39
883,Jack,49
884,Charlie,61
885,Charlie,64
886,Frank,62
887,David,68
888,Bob,52
889,Frank,50
890,Eva,69
891,Bob,50
892,David,36
893,Alice,59
894,Charlie,48
895,Grace,67
896,Eva,62
897,David,45
898,Charlie,44
899,Alice,48
900,David,68
901,Ivy,31
902,Charlie,50
903,Charlie,25
904,Ivy,24
905,Ivy,38
906,Henry,65
907,Alice,65
908,Frank,53
909,Frank,66
910,Ivy,53
911,Alice,20
912,Henry,63
913,Bob,59
914,Grace,33
915,Eva,28
916,Frank,49
917,Frank,23
918,Jack,64
919,Charlie,44
920,Eva,59
921,Alice,46
922,Henry,59
923,Grace,51
924,David,23
925,Grace,62
926,David,34
927,Ivy,58
928,Ivy,22
929,Charlie,24
930,Ivy,68
931,David,46
932,Eva,32
933,Henry,34
934,Frank,34
935,Charlie,53
936,Frank,36
937,Ivy,40
938,Charlie,39
939,David,50
940,Grace,67
941,Frank,40
942,Grace,61
943,Jack,29
944,Alice,44
945,Frank,23
946,Eva,28
947,Bob,61
948,Frank,61
949,Alice,67
950,Bob,58
951,Charlie,60
952,Charlie,29
953,Grace,48
954,Eva,21
955,Jack,20
956,Bob,34
957,David,44
958,Charlie,40
959,Henry,62
960,Ivy,28
961,Jack,52
962,Eva,34
963,David,26
964,Henry,66
965,Bob,62
966,Eva,23
967,Frank,45
968,Frank,30
969,Henry,39
970,Charlie,57
971,Eva,25
972,Alice,53
973,Frank,63
974,David,67
975,Jack,59
976,Henry,27
977,Frank,67
978,Jack,56
979,Eva,46
980,Jack,67
981,Ivy,52
982,Eva,45
983,Jack,60
984,David,45
985,Henry,26
986,Jack,56
987,Henry,60
988,Jack,56
989,Eva,41
990,Alice,32
991,David,42
992,Bob,25
993,Frank,46
994,Ivy,59
995,David,51
996,Jack,64
997,Grace,32
998,Bob,67
999,Eva,36
1000,Alice,54
1001,Meghashree Pawar,45
