1,Eva,57
2,Updated Jayesh,30
4,Alice,67
5,Grace,58
6,Grace,40
7,Alice,24
8,Alice,56
9,Alice,46
10,Frank,31
11,Frank,38
12,Ivy,37
13,Jack,31
14,Eva,64
15,Eva,29
16,Ivy,63
17,Eva,40
18,Ivy,41
19,Jack,49
20,Alice,25
21,Eva,26
22,Eva,32
23,Alice,68
24,Bob,24
25,Charlie,22
26,Ivy,41
27,Eva,43
28,Eva,46
29,Eva,20
30,Charlie,43
31,Bob,67
32,Eva,40
33,Bob,23
34,Bob,66
35,Eva,64
36,Ivy,58
37,David,69
38,Jack,38
39,Ivy,53
40,Frank,55
41,Grace,69
42,Henry,29
43,Charlie,49
44,Bob,33
45,Jack,36
46,Bob,56
47,David,22
48,Eva,20
49,Jack,41
50,Henry,65
51,Ivy,31
52,David,68
53,Bob,34
54,Ivy,51
55,Eva,48
56,Frank,49
57,Jack,39
58,Grace,36
59,Eva,54
60,Grace,54
61,Frank,20
62,Eva,66
63,Ivy,65
64,Frank,29
65,Frank,20
66,Alice,49
67,Eva,26
68,Charlie,63
69,Ivy,29
70,Henry,51
71,Charlie,67
72,Henry,66
73,Alice,55
74,Jack,37
75,Frank,40
76,Eva,38
77,Bob,48
78,Charlie,58
79,Bob,39
80,Alice,37
81,David,27
82,Eva,66
83,Henry,64
84,Bob,66
85,Henry,63
86,Frank,44
87,Eva,51
88,Ivy,50
89,Ivy,45
90,Henry,33
91,Charlie,35
92,Charlie,60
93,Grace,60
94,Eva,52
95,David,23
96,Eva,44
97,Charlie,65
98,Grace,45
99,Alice,49
100,Charlie,60
101,Ivy,36
102,Eva,69
103,Bob,22
104,Frank,66
105,Grace,55
106,Eva,57
107,Charlie,52
108,Charlie,68
109,Grace,60
110,Ivy,42
111,Grace,42
112,Charlie,68
113,Henry,35
114,Bob,30
115,Ivy,21
116,Frank,36
117,Grace,61
118,Grace,57
119,Jack,28
120,Frank,44
121,Charlie,30
122,Alice,41
123,David,31
124,Grace,54
125,Henry,38
126,Eva,51
127,Ivy,36
128,Grace,52
129,David,66
130,Eva,37
131,Bob,41
132,Jack,63
133,Frank,34
134,Bob,66
135,Alice,62
136,Henry,31
137,Ivy,23
138,Ivy,37
139,Ivy,38
140,Eva,22
141,Bob,23
142,Grace,46
143,Bob,38
144,Bob,23
145,Frank,46
146,Eva,37
147,Bob,52
148,Eva,47
149,Grace,30
150,Frank,39
151,Henry,63
152,Frank,29
153,Frank,39
154,Frank,64
155,David,57
156,Charlie,21
157,Bob,58
158,Bob,34
159,Charlie,69
160,Grace,26
161,Ivy,58
162,Jack,38
163,Grace,68
164,Charlie,57
165,David,49
166,Eva,59
167,David,57
168,Eva,60
169,Alice,24
170,David,68
171,Ivy,60
172,David,44
173,Charlie,25
174,Ivy,31
175,Alice,41
176,Frank,39
177,Ivy,38
178,Frank,23
179,Jack,68
180,Bob,30
181,Grace,66
182,Ivy,27
183,Henry,61
184,Alice,23
185,Frank,69
186,Ivy,21
187,Charlie,34
188,Bob,47
189,Grace,68
190,Bob,46
191,Ivy,45
192,Ivy,28
193,Charlie,39
194,Ivy,34
195,Alice,28
196,Frank,41
197,Grace,58
198,Bob,67
199,Bob,61
200,Charlie,62
201,Bob,58
202,Henry,59
203,David,30
204,David,66
205,Charlie,21
206,Eva,49
207,Jack,61
208,Jack,50
209,Ivy,55
210,Frank,39
211,Bob,33
212,Henry,62
213,Ivy,49
214,David,55
215,Jack,43
216,Jack,20
217,Ivy,59
218,Jack,67
219,Frank,53
220,Bob,48
221,Alice,27
222,Grace,26
223,Charlie,23
224,Ivy,38
225,Bob,48
226,Henry,21
227,Alice,61
228,Bob,33
229,Ivy,60
230,David,31
231,Frank,61
232,Eva,23
233,Grace,43
234,Henry,47
235,Eva,47
236,Charlie,28
237,Grace,57
238,Henry,49
239,Grace,28
240,Jack,64
241,Grace,48
242,Charlie,28
243,Alice,60
244,Grace,54
245,Jack,51
246,Alice,62
247,Jack,35
248,Frank,31
249,Bob,31
250,Charlie,52
251,Charlie,68
252,Frank,51
253,Henry,57
254,Grace,65
255,Ivy,46
256,Grace,40
257,Frank,23
258,Ivy,38
259,Henry,30
260,Alice,67
261,Alice,22
262,Bob,24
263,Ivy,33
264,Alice,61
265,Alice,46
266,Charlie,37
267,Jack,68
268,Jack,35
269,Eva,39
270,Ivy,68
271,Alice,62
272,Alice,26
273,Bob,47
274,Charlie,41
275,Bob,42
276,David,33
277,Frank,48
278,Ivy,29
279,David,68
280,Henry,55
281,Eva,46
282,Henry,20
283,Jack,43
284,Eva,23
285,David,34
286,Frank,42
287,Bob,35
288,Charlie,21
289,Charlie,40
290,Alice,56
291,Alice,44
292,Ivy,33
293,Charlie,66
294,Charlie,31
295,Alice,30
296,Frank,37
297,Ivy,22
298,Ivy,53
299,Jack,21
300,Charlie,23
301,Alice,24
302,David,21
303,Frank,22
304,Ivy,30
305,Henry,44
306,Alice,34
307,Frank,20
308,Henry,32
309,Eva,29
310,Henry,58
311,Ivy,62
312,Jack,58
313,Frank,44
314,Jack,42
315,David,48
316,Grace,42
317,Bob,32
318,Alice,52
319,Henry,37
320,Eva,47
321,Frank,63
322,David,20
323,Bob,35
324,Charlie,36
325,Eva,60
326,Alice,32
327,Frank,31
328,Alice,31
329,David,43
330,David,52
331,Jack,35
332,Eva,31
333,Eva,61
334,Bob,54
335,Grace,67
336,Charlie,53
337,Ivy,54
338,Henry,53
339,David,61
340,Ivy,67
341,Ivy,43
342,Charlie,52
343,Frank,57
344,Henry,56
345,Jack,66
346,Grace,69
347,Ivy,35
348,Ivy,47
349,Ivy,50
350,Ivy,68
351,Ivy,56
352,Eva,59
353,Eva,67
354,Henry,27
355,Bob,61
356,David,22
357,David,30
358,Ivy,20
359,Frank,29
360,Frank,57
361,Henry,29
362,Grace,44
363,Frank,38
364,Grace,66
365,Eva,63
366,Jack,61
367,Henry,41
368,David,52
369,Frank,58
370,David,21
371,Eva,27
372,Alice,53
373,Alice,26
374,Bob,62
375,Jack,46
376,Eva,21
377,Alice,58
378,Henry,39
379,Bob,65
380,Ivy,49
381,Charlie,23
382,Charlie,62
383,Charlie,30
384,Frank,60
385,Jack,28
386,Alice,49
387,Ivy,33
388,Eva,22
389,Eva,45
390,Charlie,41
391,Ivy,57
392,Grace,37
393,Henry,23
394,Grace,40
395,Grace,62
396,Alice,59
397,Henry,64
398,Eva,35
399,Jack,42
400,Jack,62
401,Jack,66
402,Eva,35
403,Henry,54
404,Alice,47
405,Eva,50
406,Jack,61
407,Alice,58
408,Jack,58
409,Charlie,37
410,Grace,47
411,Frank,36
412,Alice,59
413,Grace,56
414,Bob,47
415,Eva,65
416,Jack,34
417,Alice,26
418,Ivy,26
419,Eva,55
420,Charlie,60
421,Grace,62
422,Charlie,27
423,David,39
424,Charlie,64
425,Bob,22
426,Bob,54
427,Ivy,37
428,Bob,68
429,Charlie,26
430,Ivy,30
431,Henry,37
432,Eva,40
433,Eva,65
434,Bob,62
435,Henry,61
436,Frank,58
437,Henry,32
438,Bob,53
439,Eva,44
440,Grace,58
441,David,56
442,Charlie,60
443,Eva,40
444,Charlie,41
445,Frank,22
446,Ivy,68
447,Ivy,49
448,Ivy,44
449,Frank,52
450,Eva,42
451,Frank,60
452,Henry,44
453,David,37
454,Bob,60
455,Grace,64
456,Henry,32
457,Ivy,51
458,Henry,36
459,Jack,43
460,Grace,43
461,Henry,47
462,Henry,63
463,David,43
464,Jack,30
465,Bob,43
466,Charlie,62
467,Alice,22
468,Frank,68
469,Bob,68
470,Charlie,27
471,Charlie,62
472,Ivy,23
473,Alice,41
474,David,37
475,Eva,59
476,Ivy,43
477,Eva,26
478,Frank,54
479,Grace,30
480,Grace,26
481,Eva,27
482,Bob,35
483,Ivy,22
484,Grace,26
485,Frank,68
486,Ivy,65
487,Alice,40
488,Jack,49
489,Alice,22
490,Bob,42
491,Eva,33
492,Ivy,69
493,Alice,56
494,Henry,58
495,Ivy,66
496,Ivy,68
497,Jack,65
498,Frank,27
499,Charlie,23
500,Alice,54
501,Henry,65
502,Charlie,52
503,Frank,41
504,Grace,55
505,Bob,34
506,Ivy,56
507,Bob,38
508,Frank,44
509,Grace,64
510,Ivy,51
511,Eva,38
512,Ivy,63
513,Grace,67
514,Henry,21
515,Frank,28
516,Jack,67
517,Bob,48
518,Ivy,21
519,Henry,52
520,Bob,65
521,Alice,20
522,Grace,67
523,Eva,42
524,Eva,27
525,Bob,22
526,Charlie,66
527,Grace,37
528,Frank,40
529,Frank,35
530,Frank,57
531,Charlie,69
532,Frank,59
533,Charlie,60
534,Henry,20
535,Jack,35
536,Ivy,26
537,Ivy,36
538,Eva,48
539,Charlie,61
540,Charlie,39
541,Henry,24
542,Alice,68
543,Alice,40
544,Charlie,48
545,Jack,56
546,Ivy,59
547,Henry,33
548,Alice,60
549,Charlie,67
550,Ivy,40
551,Eva,20
552,Henry,30
553,Ivy,62
554,Alice,21
555,Eva,59
556,Grace,21
557,Jack,33
558,Ivy,32
559,David,49
560,Charlie,48
561,Henry,40
562,David,40
563,Grace,51
564,Eva,41
565,Charlie,26
566,David,56
567,Frank,37
568,Ivy,55
569,Jack,38
570,Charlie,23
571,Charlie,36
572,Henry,61
573,Henry,58
574,Alice,63
575,Ivy,64
576,Bob,57
577,Grace,37
578,Jack,35
579,Frank,28
580,Grace,20
581,Alice,66
582,Eva,21
583,Jack,66
584,Grace,52
585,David,44
586,Eva,63
587,Henry,69
588,Frank,41
589,Ivy,30
590,Charlie,53
591,Grace,61
592,Grace,21
593,Charlie,48
594,Henry,38
595,Charlie,28
596,Henry,21
597,Alice,49
598,Ivy,38
599,David,38
600,Bob,60
601,Eva,22
602,Ivy,42
603,Frank,35
604,Frank,45
605,Eva,54
606,Alice,20
607,Alice,62
608,Charlie,37
609,Ivy,50
610,Grace,58
611,Ivy,33
612,Charlie,54
613,Eva,52
614,Henry,23
615,Henry,36
616,Jack,21
617,Charlie,55
618,Alice,46
619,David,36
620,Frank,68
621,Jack,37
622,Bob,28
623,David,45
624,Alice,34
625,Charlie,34
626,Frank,52
627,Henry,66
628,Charlie,22
629,Jack,33
630,Ivy,34
631,Alice,30
632,Jack,53
633,Eva,25
634,Alice,35
635,Eva,39
636,Eva,35
637,Grace,68
638,Alice,58
639,Alice,68
640,Frank,34
641,Jack,30
642,Ivy,33
643,Ivy,32
644,Henry,23
645,Ivy,28
646,Jack,25
647,Alice,31
648,Grace,60
649,Bob,52
650,Jack,28
651,Henry,33
652,Ivy,69
653,Jack,50
654,Henry,47
655,Alice,61
656,David,57
657,Charlie,40
658,Ivy,40
659,Jack,67
660,Grace,60
661,Henry,69
662,Frank,39
663,Frank,33
664,Grace,65
665,Jack,64
666,Charlie,63
667,Henry,58
668,Frank,40
669,Frank,41
670,Eva,34
671,David,32
672,Ivy,54
673,Grace,41
674,Ivy,29
675,Henry,33
676,Eva,32
677,Ivy,61
678,Grace,61
679,Eva,27
680,Bob,34
681,Grace,37
682,Grace,29
683,Grace,48
684,David,35
685,David,67
686,Bob,61
687,David,49
688,Charlie,49
689,Jack,58
690,Eva,41
691,Henry,21
692,Charlie,62
693,Jack,64
694,Grace,37
695,Jack,60
696,Henry,60
697,David,36
698,Bob,29
699,Charlie,69
700,Alice,24
701,Henry,57
702,Bob,44
703,Bob,35
704,Charlie,20
705,Bob,23
706,David,29
707,Henry,53
708,Grace,64
709,Bob,47
710,Alice,33
711,Bob,39
712,Eva,45
713,Grace,53
714,Eva,37
715,Eva,55
716,Henry,62
717,Henry,23
718,Frank,68
719,Henry,68
720,Alice,37
721,Bob,62
722,Alice,59
723,Alice,61
724,Bob,61
725,Grace,62
726,Ivy,45
727,Eva,68
728,Frank,28
729,Eva,45
730,David,36
731,Ivy,23
732,Ivy,41
733,Ivy,20
734,Alice,38
735,Frank,69
736,Bob,25
737,Frank,56
738,Frank,35
739,Eva,60
740,David,44
741,Jack,27
742,Jack,65
743,Frank,46
744,Bob,35
745,Grace,42
746,Charlie,41
747,Bob,41
748,Eva,40
749,Jack,42
750,Charlie,28
751,Frank,47
752,David,36
753,Frank,46
754,Jack,57
755,Ivy,21
756,Alice,30
757,Henry,20
758,Jack,30
759,David,62
760,Jack,68
761,Grace,32
762,Charlie,64
763,Grace,26
764,Charlie,59
765,Charlie,69
766,Jack,34
767,Alice,40
768,Charlie,33
769,Henry,36
770,Henry,32
771,Henry,51
772,Jack,27
773,Grace,30
774,Ivy,25
775,David,40
776,David,65
777,Grace,24
778,Ivy,44
779,David,66
780,Frank,41
781,Charlie,56
782,Frank,57
783,Grace,46
784,Jack,32
785,Henry,64
786,Alice,68
787,Alice,63
788,Alice,35
789,Ivy,40
790,Grace,37
791,Alice,49
792,Charlie,34
793,Alice,64
794,Charlie,55
795,David,27
796,Henry,47
797,Grace,27
798,Jack,53
799,Frank,45
800,David,37
801,David,25
802,David,46
803,Grace,68
804,Frank,54
805,Ivy,47
806,Eva,39
807,Grace,61
808,Alice,41
809,Bob,44
810,Jack,51
811,Jack,63
812,Ivy,33
813,Jack,38
814,David,50
815,Jack,54
816,Alice,30
817,Eva,46
818,Jack,61
819,Ivy,45
820,Ivy,24
821,David,54
822,Jack,28
823,David,66
824,Frank,45
825,Alice,48
826,Grace,58
827,David,31
828,Ivy,24
829,Frank,31
830,Alice,34
831,Grace,27
832,Alice,65
833,Frank,58
834,David,25
835,Ivy,40
836,Ivy,24
837,Frank,45
838,Jack,52
839,Alice,62
840,David,50
841,Henry,26
842,Eva,46
843,David,50
844,Frank,36
845,Ivy,54
846,Ivy,52
847,David,34
848,Ivy,23
849,Charlie,55
850,David,34
851,Charlie,55
852,Henry,42
853,Jack,36
854,Grace,40
855,Alice,27
856,Bob,58
857,Charlie,54
858,Frank,55
859,Jack,69
860,David,41
861,Henry,24
862,Frank,22
863,Frank,66
864,Jack,55
865,Ivy,48
866,Ivy,29
867,Jack,25
868,Frank,31
869,Henry,43
870,Jack,37
871,Henry,66
872,Frank,60
873,Frank,68
874,Charlie,57
875,Bob,43
876,Eva,33
877,Charlie,20
878,Bob,20
879,Charlie,28
880,Frank,20
881,Frank,35
882,Alice,58
883,Jack,67
884,David,54
885,Ivy,23
886,Eva,51
887,Eva,21
888,Alice,66
889,Bob,40
890,Bob,27
891,Ivy,34
892,Frank,49
893,Bob,30
894,Grace,37
895,David,69
896,Eva,44
897,Henry,33
898,Charlie,45
899,Frank,65
900,Ivy,62
901,Ivy,41
902,Henry,34
903,Eva,51
904,Charlie,57
905,Grace,35
906,Jack,63
907,Ivy,45
908,Jack,43
909,Eva,39
910,Bob,38
911,Alice,57
912,Ivy,53
913,Henry,44
914,David,66
915,Ivy,27
916,David,40
917,David,32
918,Alice,42
919,David,37
920,Alice,21
921,Ivy,49
922,Bob,66
923,Frank,55
924,David,59
925,Charlie,52
926,Ivy,61
927,Eva,20
928,Eva,66
929,Alice,65
930,Ivy,50
931,Bob,35
932,Charlie,59
933,David,47
934,Eva,62
935,Eva,47
936,Jack,57
937,Frank,43
938,David,50
939,Grace,32
940,Frank,21
941,David,21
942,Ivy,57
943,Alice,63
944,Grace,41
945,Charlie,22
946,Ivy,60
947,Eva,67
948,Jack,58
949,David,60
950,Eva,65
951,Charlie,38
952,Henry,63
953,Frank,34
954,Eva,56
955,Henry,28
956,Frank,27
957,Henry,42
958,David,59
959,Charlie,68
960,Eva,40
961,Grace,60
962,Ivy,47
963,Grace,40
964,Eva,48
965,Frank,21
966,Bob,67
967,Ivy,65
968,David,62
969,Jack,20
970,David,33
971,Grace,26
972,David,45
973,Grace,51
974,Charlie,35
975,Henry,58
976,Ivy,40
977,Eva,57
978,Frank,41
979,Bob,50
980,Eva,55
981,Henry,65
982,Frank,24
983,Jack,27
984,Bob,36
985,Bob,41
986,Eva,29
987,David,48
988,Charlie,43
989,Jack,53
990,Henry,29
991,Alice,63
992,Ivy,52
993,Jack,58
994,Frank,32
995,Jack,43
996,Charlie,43
997,Frank,65
998,Eva,25
999,Frank,24
1000,Henry,32
1001,Meghashree Pawar,45
